,R2,RMSE,MAE
Ridge,0.49338821117536813,5.990245404551037,4.814325020658826
RandomForest,0.309507564294738,6.993368797534621,5.8129703759908145
XGBoost,0.377636784304449,6.639401418617583,5.527814375903605
