{
  "z": 0.3669117980357513,
  "p": 0.7136848107486891
}