,Ridge,RandomForest,XGBoost
Ridge,1.0,0.869006900690069,0.8458685868586858
RandomForest,0.869006900690069,1.0,0.9506030603060306
XGBoost,0.8458685868586858,0.9506030603060306,1.0
