,Ridge,RandomForest,XGBoost
Ridge,1.0,0.8404537397039479,0.835203110399614
RandomForest,0.8404537397039479,1.0,0.953502064821412
XGBoost,0.835203110399614,0.953502064821412,1.0
